ts,ws,tok,token_id,ttc,ask_visto,tam_visto,precio_pedido,size_pedido,actividad,modo,ms_envio,estado,size_llenado,precio_medio,order_id,error,respuesta_cruda
1790299818.652,1790299800,Down,-8.8,0.3,0.2/3;0.5/5;1.0/8,0.75,180,0.75,178,0.75,84,0.75,26,0.765,0.01,6.8,6.8Metadata-Version: 2.3
1790331726.844,1790331600,Down,-3.4,0.3,0.2/3;0.5/5;1.0/8,0.29,351,0.29,351,0.29,351,0.29,351,0.28+0.00000 | cierre 84,368.4 | stop 80,949.3 | capital 1,000.00 | DRY
1790332534.702,1790332500,Up,49597285555501454368512375375332419215712958071587448696010138941706962624895,265.3,0.46,20,0.46,5,real,360.2,excepcion,,,,"PolyApiException[status_code=400, error_message={'error': 'maker address not allowed, please use the deposit wallet flow'}]"
1790332927.563,1790332800,Up,55572198220452135158289287477679669341495021378885684470925230285622185536219,172.4,0.85,177,0.85,5,real,382.0,excepcion,,,,"PolyApiException[status_code=400, error_message={'error': 'not enough balance / allowance: the balance is not enough -> balance: 2587432, order amount: 4294620'}]"
1790333106.164,1790333100,Down,102079417111751078460947814461025627858621213990041493503915527201192040172285,293.8,0.51,330,0.51,5,real,243.3,excepcion,,,,"PolyApiException[status_code=400, error_message={'error': 'not enough balance / allowance: the balance is not enough to cover the fee estimate -> balance: 2587432, order amount: 25"
1790333279.377,1790333100,Up,21561548181921072428393022321091829530089442446379093442818806717559616073567,120.6,0.57,114,0.57,5,real,292.6,excepcion,,,,"PolyApiException[status_code=400, error_message={'error': 'not enough balance / allowance: the balance is not enough -> balance: 2587432, order amount: 2935780'}]"
1790333310.046,1790333100,Up,21561548181921072428393022321091829530089442446379093442818806717559616073567,90.0,0.78,25,0.78,5,real,388.1,excepcion,,,,"PolyApiException[status_code=400, error_message={'error': 'not enough balance / allowance: the balance is not enough -> balance: 2587432, order amount: 3960060'}]"
1790333431.25,1790333400,Down,97152939619503222502715639650852523129338853467556329378572297845244733880363,268.8,0.58,88,0.58,5,real,238.5,excepcion,,,,"PolyApiException[status_code=400, error_message={'error': 'not enough balance / allowance: the balance is not enough -> balance: 2587432, order amount: 2985260'}]"
1790333707.102,1790333700,Down,106305656142775861971565199500009630188086999805488408268243517876361250589967,292.9,0.54,439,0.54,5,real,237.1,excepcion,,,,"PolyApiException[status_code=400, error_message={'error': 'not enough balance / allowance: the balance is not enough -> balance: 2587432, order amount: 2786940'}]"
1790334002.891,1790334000,Up,85063184197659030646922591796255146459718071141928495801072974418538247232673,297.1,0.62,100,0.62,5,real,199.1,excepcion,,,,"PolyApiException[status_code=400, error_message={'error': 'not enough balance / allowance: the balance is not enough -> balance: 2587432, order amount: 3182460'}]"
1790334602.662,1790334600,Down,32910885544045900924715578379877458981217187907960875819474471764276663673837,297.3,0.7,10,0.7,5,real,260.0,excepcion,,,,"PolyApiException[status_code=400, error_message={'error': 'not enough balance / allowance: the balance is not enough -> balance: 2587432, order amount: 3573500'}]"
1790473504.202,1790473500,Up,3.0,0.2,0.2/3;0.5/5;1.0/8,0.5,98,0.58,5,0.58,5,0.68,74,0.765,0.01,0.45,2dc1c8ef5ddac9cd0ec51aa9b7bc5c4114
1790515707.131,1790515500,Up,8.9,0.9,0.2/3;0.5/5;1.0/8,1.0,,1.0,,1.0,,1.0,,0.995,0.01,0.01,332026-09-26
1790551259.057,1790551200,Down,-3.0,0.3,0.2/3;0.5/5;1.0/8,0.19,45,0.19,5,0.21,5,0.22,12,0.229.8,853.54,1406.52,0.3707
1790774539.835,1790774400,Down,22624890735572868361158004855866074874457278235579985924666267580234283796745,160.2,0.65,140,0.65,5,1,simulado,,no enviado,,,,,
1790774702.61,1790774700,Down,38240701345712454766828561939663989244782234720755913859551864345878186834378,297.4,0.54,13,0.54,5,12,simulado,,no enviado,,,,,
1790775002.146,1790775000,Up,86804654621150893874011808742005984288490441483226398379323508960479328716447,297.9,0.58,48,0.58,5,30,simulado,,no enviado,,,,,
1790775304.197,1790775300,Down,44691339496958533605735527215633379971029335566599178864818336332988038112094,295.8,0.67,68,0.67,5,56,simulado,,no enviado,,,,,
